,SAMPLE DATA,,,,,,,,,,,,,,,,,,,,,,,,,,,,,,,,,,,,,,,,,,,,,,,,,,,,,,,,,,,,,,,,,,,,,,,,,,,,,,,,,,,,,,,,,,,,,,,,,,,,,,,,,,,,,,,,,,,,,,,,
,,,,,,,,,,,,,,,,,,,,,,,,,,,,,,,,,,,,,,,,,,,,,,,,,,,,,,,,,,,,,,,,,,,,,,,,,,,,,,,,,,,,,,,,,,,,,,,,,,,,,,,,,,,,,,,,,,,,,,,,,
,,,,,,Year,Week,Values,,,,,,,,,,,,,,,,,,,,,,,,,,,,,,,,,,,,,,,,,,,,,,,,,,,,,,,,,,,,,,,,,,,,,,,,,,,,,,,,,,,,,,,,,,,,,,,,,,,,,,,,,,,,,,,,,
,,,,,,2020,,,,,,,,,,,,,,,,,,,,,,,,,,,,,,,,,,,,,,,,,,,,,,,,,,,,,,,,,,,,,,,,,,,,,,,,,,,,,,,,,,,,,,,,,,,,,,,,,,,,,,,,2021,,,,,,,,,,Total Qty,Total Avg Sell Price
,,,,,,2020-01 w/e 09 Jul 2019,,2020-02 w/e 16 Jul 2019,,2020-03 w/e 23 Jul 2019,,2020-04 w/e 30 Jul 2019,,2020-05 w/e 06 Aug 2019,,2020-06 w/e 13 Aug 2019,,2020-07 w/e 20 Aug 2019,,2020-08 w/e 27 Aug 2019,,2020-09 w/e 03 Sep 2019,,2020-10 w/e 10 Sep 2019,,2020-11 w/e 17 Sep 2019,,2020-12 w/e 24 Sep 2019,,2020-13 w/e 01 Oct 2019,,2020-14 w/e 08 Oct 2019,,2020-15 w/e 15 Oct 2019,,2020-16 w/e 22 Oct 2019,,2020-17 w/e 29 Oct 2019,,2020-18 w/e 05 Nov 2019,,2020-19 w/e 12 Nov 2019,,2020-20 w/e 19 Nov 2019,,2020-21 w/e 26 Nov 2019,,2020-22 w/e 03 Dec 2019,,2020-23 w/e 10 Dec 2019,,2020-24 w/e 17 Dec 2019,,2020-25 w/e 24 Dec 2019,,2020-26 w/e 31 Dec 2019,,2020-27 w/e 07 Jan 2020,,2020-28 w/e 14 Jan 2020,,2020-29 w/e 21 Jan 2020,,2020-30 w/e 28 Jan 2020,,2020-31 w/e 04 Feb 2020,,2020-32 w/e 11 Feb 2020,,2020-33 w/e 18 Feb 2020,,2020-34 w/e 25 Feb 2020,,2020-35 w/e 03 Mar 2020,,2020-36 w/e 10 Mar 2020,,2020-37 w/e 17 Mar 2020,,2020-38 w/e 24 Mar 2020,,2020-39 w/e 31 Mar 2020,,2020-40 w/e 07 Apr 2020,,2020-41 w/e 14 Apr 2020,,2020-42 w/e 21 Apr 2020,,2020-43 w/e 28 Apr 2020,,2020-44 w/e 05 May 2020,,2020-45 w/e 12 May 2020,,2020-46 w/e 19 May 2020,,2020-47 w/e 26 May 2020,,2020-48 w/e 02 Jun 2020,,2020-49 w/e 09 Jun 2020,,2020-50 w/e 16 Jun 2020,,2020-51 w/e 23 Jun 2020,,2020-52 w/e 30 Jun 2020,,2021-01 w/e 07 Jul 2020,,2021-02 w/e 14 Jul 2020,,2021-03 w/e 21 Jul 2020,,2021-04 w/e 28 Jul 2020,,2021-05 w/e 04 Aug 2020,,,
Department Group,Department,Category,Sub Category,Product,APN,Qty,Avg Sell Price,Qty,Avg Sell Price,Qty,Avg Sell Price,Qty,Avg Sell Price,Qty,Avg Sell Price,Qty,Avg Sell Price,Qty,Avg Sell Price,Qty,Avg Sell Price,Qty,Avg Sell Price,Qty,Avg Sell Price,Qty,Avg Sell Price,Qty,Avg Sell Price,Qty,Avg Sell Price,Qty,Avg Sell Price,Qty,Avg Sell Price,Qty,Avg Sell Price,Qty,Avg Sell Price,Qty,Avg Sell Price,Qty,Avg Sell Price,Qty,Avg Sell Price,Qty,Avg Sell Price,Qty,Avg Sell Price,Qty,Avg Sell Price,Qty,Avg Sell Price,Qty,Avg Sell Price,Qty,Avg Sell Price,Qty,Avg Sell Price,Qty,Avg Sell Price,Qty,Avg Sell Price,Qty,Avg Sell Price,Qty,Avg Sell Price,Qty,Avg Sell Price,Qty,Avg Sell Price,Qty,Avg Sell Price,Qty,Avg Sell Price,Qty,Avg Sell Price,Qty,Avg Sell Price,Qty,Avg Sell Price,Qty,Avg Sell Price,Qty,Avg Sell Price,Qty,Avg Sell Price,Qty,Avg Sell Price,Qty,Avg Sell Price,Qty,Avg Sell Price,Qty,Avg Sell Price,Qty,Avg Sell Price,Qty,Avg Sell Price,Qty,Avg Sell Price,Qty,Avg Sell Price,Qty,Avg Sell Price,Qty,Avg Sell Price,Qty,Avg Sell Price,Qty,Avg Sell Price,Qty,Avg Sell Price,Qty,Avg Sell Price,Qty,Avg Sell Price,Qty,Avg Sell Price,,
1 - Grocery,(02) GROCERY,"(003) JAMS, SPREADS & HONEY",(0341) PEANUT BUTTER,BEGA P/BUTTER CRUNCHY 200G,0000093552523,46,$3.00,43,$3.04,38,$3.08,27,$3.07,38,$3.07,57,$3.07,39,$2.95,47,$3.02,46,$3.07,57,$2.99,59,$3.07,71,$3.05,74,$3.02,68,$3.07,73,$3.06,48,$3.05,43,$3.05,64,$3.05,74,$3.05,62,$3.06,57,$3.03,48,$2.93,46,$3.00,62,$3.06,96,$3.06,66,$3.07,67,$3.03,62,$2.88,70,$3.06,57,$3.04,52,$3.05,601,$1.28,474,$1.08,61,$3.06,62,$3.00,93,$3.07,106,$3.04,86,$2.99,58,$3.05,75,$3.06,47,$3.07,60,$3.05,82,$3.05,78,$3.06,72,$2.97,74,$2.70,87,$3.03,74,$3.03,109,$3.06,61,$3.03,64,$3.07,85,$3.06,95,$3.07,105,$3.04,72,$3.04,84,$3.06,64,$3.07,"4,686",$2.61
,,"(003) JAMS, SPREADS & HONEY",(0341) PEANUT BUTTER,BEGA P/BUTTER CRUNCHY 375G,9352042000137,129,$4.60,891,$2.64,"1,123",$2.64,396,$3.54,282,$3.62,302,$3.63,215,$3.80,427,$3.91,571,$3.68,163,$4.33,163,$4.47,213,$4.51,310,$4.24,152,$4.62,191,$4.42,"2,450",$2.25,679,$3.21,204,$4.42,180,$4.45,"2,387",$3.75,125,$4.62,465,$3.50,317,$4.05,180,$4.53,177,$4.64,111,$4.63,212,$4.43,884,$3.50,605,$4.06,215,$4.39,225,$4.37,211,$4.40,203,$4.22,433,$3.50,338,$4.00,190,$4.35,474,$4.40,"1,324",$3.50,892,$3.20,192,$4.59,154,$4.62,147,$4.53,175,$4.57,188,$4.66,221,$4.67,190,$4.64,170,$4.65,208,$4.62,217,$4.58,218,$4.35,764,$3.43,486,$4.08,298,$4.61,276,$4.64,150,$4.63,196,$4.67,727,$3.50,"23,986",$3.66
,,"(003) JAMS, SPREADS & HONEY",(0341) PEANUT BUTTER,BEGA P/BUTTER CRUNCHY 470G,9352042002827,,,,,,,,,,,,,,,,,,,,,,,,,,,,,,,,,,,,,,,,,,,,,,,,,,,,,,,,,,,,,,,,,,,,,,,,,,,,,,,,,,,,,,,,,,,,,,,,,32,$5.00,91,$5.00,115,$5.08,199,$5.37,311,$5.04,434,$4.96,"2,126",$2.85,477,$4.89,437,$4.94,"4,222",$3.92
,,"(003) JAMS, SPREADS & HONEY",(0341) PEANUT BUTTER,BEGA P/BUTTER CRUNCHY 500G,9352042000151,598,$5.02,658,$4.89,400,$5.01,420,$5.01,277,$5.15,404,$5.14,334,$5.13,349,$5.12,145,$5.82,475,$5.10,344,$5.27,204,$5.75,178,$5.82,153,$5.80,140,$5.82,111,$5.81,126,$5.82,156,$5.81,140,$5.84,174,$5.83,569,$5.00,285,$5.33,120,$5.84,115,$5.83,139,$5.83,337,$5.00,483,$5.00,379,$5.00,591,$4.97,"2,609",$2.89,812,$3.76,368,$5.06,390,$5.11,355,$5.00,467,$5.00,422,$4.99,866,$5.00,718,$5.10,669,$5.10,814,$5.00,581,$5.00,596,$5.00,428,$5.00,539,$5.00,630,$5.00,638,$5.00,726,$5.00,600,$5.00,419,$5.00,439,$5.00,283,$4.91,109,$4.90,41,$5.00,25,$5.00,39,$2.85,72,$4.38,36,$4.28,"23,495",$4.80
,,"(003) JAMS, SPREADS & HONEY",(0341) PEANUT BUTTER,BEGA P/BUTTER CRUNCHY 780G,9352042000175,117,$8.15,115,$8.13,119,$8.14,115,$8.12,398,$6.44,136,$8.03,107,$8.13,152,$8.20,147,$8.13,140,$8.14,142,$8.06,166,$8.18,277,$6.36,944,$5.00,524,$6.00,140,$7.68,160,$7.78,163,$8.10,168,$8.04,160,$8.03,126,$8.04,115,$8.12,122,$8.10,491,$6.01,371,$6.71,88,$8.13,85,$8.09,98,$8.08,114,$8.12,96,$8.09,112,$8.05,102,$8.04,101,$8.11,101,$8.20,109,$8.09,510,$6.01,698,$6.70,495,$8.07,407,$8.09,296,$8.08,188,$8.11,175,$8.10,667,$5.93,739,$5.95,210,$8.07,221,$8.11,222,$8.08,284,$8.12,849,$6.02,542,$6.73,239,$8.05,293,$8.09,350,$8.08,358,$8.07,214,$8.10,286,$8.10,289,$8.12,"15,153",$7.15
,,"(003) JAMS, SPREADS & HONEY",(0341) PEANUT BUTTER,BEGA P/BUTTER DARK RST CRUNCHY 470G,9352042001776,71,$5.02,80,$4.36,58,$4.70,50,$5.00,36,$5.12,44,$5.24,35,$5.20,41,$5.15,28,$5.79,55,$5.25,29,$5.25,33,$5.77,27,$5.81,24,$5.82,31,$5.81,25,$5.80,19,$5.82,14,$5.82,25,$5.85,27,$5.51,50,$4.90,38,$5.33,17,$5.80,20,$5.81,20,$5.82,26,$5.00,35,$4.90,46,$4.53,87,$4.45,329,$2.70,108,$3.69,39,$4.56,35,$4.25,39,$4.67,65,$5.00,65,$5.00,134,$5.00,124,$5.06,65,$5.10,94,$5.00,67,$5.00,73,$5.00,67,$4.19,90,$4.72,65,$5.00,87,$5.00,87,$5.00,96,$5.00,49,$5.00,71,$5.00,70,$5.00,72,$5.00,91,$5.00,103,$5.00,347,$2.85,57,$4.92,82,$4.27,"3,762",$4.56
,,"(003) JAMS, SPREADS & HONEY",(0341) PEANUT BUTTER,BEGA P/BUTTER DARK RST SMOOTH  470G,9352042001769,44,$4.52,57,$4.19,39,$4.12,44,$4.86,36,$5.14,14,$5.25,30,$5.20,26,$5.03,18,$5.83,43,$5.12,28,$5.23,22,$5.15,11,$5.08,15,$5.79,12,$5.85,17,$5.53,15,$5.82,18,$5.01,13,$4.78,15,$5.08,31,$4.49,22,$5.27,18,$5.83,13,$5.80,18,$5.82,13,$5.00,26,$5.00,30,$5.00,57,$4.94,193,$2.80,73,$3.77,29,$4.45,36,$4.51,34,$4.16,38,$5.00,30,$4.84,69,$5.00,87,$5.04,61,$5.10,48,$5.00,34,$5.00,40,$4.81,68,$3.60,47,$4.56,55,$4.02,55,$4.47,45,$4.64,66,$4.23,26,$4.50,42,$5.00,55,$4.92,62,$5.00,62,$5.00,55,$5.00,225,$2.85,45,$4.83,57,$4.65,"2,482",$4.45
,,"(003) JAMS, SPREADS & HONEY",(0341) PEANUT BUTTER,BEGA P/BUTTER LIGHT CRUNCH 500G,9300650668416,,,,,,,,,,,,,,,,,,,1,$3.99,,,,,,,,,,,,,,,,,,,,,,,,,,,,,,,,,,,,,,,,,,,,,,,,,,,,,,,,,,,,,,,,,,,,,,,,,,,,,,,,,,,,,,,,,,,,,,,1,$3.99
,,"(003) JAMS, SPREADS & HONEY",(0341) PEANUT BUTTER,BEGA P/BUTTER LIGHT CRUNCHY 470G,9352042002841,,,,,,,,,,,,,,,,,,,,,,,,,,,,,,,,,,,,,,,,,,,,,,,,,,,,,,,,,,,,,,,,,,,,,,,,,,,,,,,,,,,,,,,,,,,,,,,,,4,$5.00,15,$5.00,10,$5.16,31,$5.28,64,$5.04,97,$5.00,405,$2.85,83,$4.93,87,$5.00,796,$3.91
,,"(003) JAMS, SPREADS & HONEY",(0341) PEANUT BUTTER,BEGA P/BUTTER LIGHT CRUNCHY 500G,9352042000090,129,$4.72,109,$4.77,80,$5.00,100,$4.85,77,$4.42,86,$5.26,76,$5.12,90,$5.16,46,$5.84,104,$5.15,78,$5.33,49,$5.76,52,$5.78,37,$5.63,30,$5.80,36,$5.82,39,$5.84,35,$5.83,31,$5.82,44,$5.83,95,$5.00,65,$5.32,26,$5.83,28,$5.81,37,$5.83,49,$5.00,82,$4.95,73,$5.00,101,$5.00,373,$2.90,144,$3.76,74,$5.05,62,$5.11,92,$4.81,83,$4.95,110,$4.86,241,$4.99,230,$5.09,172,$5.10,166,$5.00,114,$5.00,117,$5.00,87,$5.00,118,$5.00,117,$5.00,132,$5.00,117,$5.00,152,$5.00,88,$5.00,100,$4.99,81,$4.94,89,$4.86,99,$5.00,54,$4.52,95,$2.81,7,$4.86,9,$5.00,"5,207",$4.84
,,"(003) JAMS, SPREADS & HONEY",(0341) PEANUT BUTTER,BEGA P/BUTTER LIGHT SMOOTH 470G,9352042002834,,,,,,,,,,,,,,,,,,,,,,,,,,,,,,,,,,,,,,,,,,,,,,,,,,,,,,,,,,,,,,,,,,,,,,,,,,,,,,,,,,,,,,,,,,,,,,,,,7,$5.00,15,$5.00,24,$5.13,35,$5.50,81,$5.04,88,$4.98,441,$2.85,106,$4.91,110,$5.00,907,$3.97
,,"(003) JAMS, SPREADS & HONEY",(0341) PEANUT BUTTER,BEGA P/BUTTER LIGHT SMOOTH 500G,9352042000182,102,$5.00,99,$4.85,76,$5.00,79,$4.76,83,$4.59,93,$5.05,66,$5.17,58,$5.19,61,$5.80,106,$5.14,61,$5.41,46,$5.82,71,$5.81,36,$5.84,55,$5.83,34,$5.82,39,$5.84,47,$5.86,56,$5.83,47,$5.82,110,$5.00,61,$5.32,44,$5.82,33,$5.84,46,$5.84,61,$5.00,85,$4.97,73,$5.00,98,$4.96,355,$2.89,154,$3.77,64,$5.07,71,$5.12,84,$5.00,106,$5.00,119,$5.00,228,$5.00,229,$5.10,183,$5.10,177,$5.00,122,$5.00,125,$5.00,108,$5.00,115,$5.00,115,$5.00,126,$4.90,157,$4.93,167,$4.99,121,$5.00,107,$4.96,104,$4.65,60,$4.66,38,$4.91,15,$4.93,34,$2.85,2,$3.50,1,$5.00,"5,213",$4.90
,,"(003) JAMS, SPREADS & HONEY",(0341) PEANUT BUTTER,BEGA P/BUTTER NAS CRUNCHY 325G,9352042000236,106,$4.00,142,$3.77,87,$3.95,100,$4.02,79,$4.18,92,$3.96,77,$4.21,97,$4.15,52,$4.71,64,$4.75,53,$4.70,72,$4.74,87,$4.26,76,$4.75,54,$4.77,53,$4.76,67,$4.75,190,$3.50,97,$4.28,56,$4.77,55,$4.74,105,$3.50,78,$4.33,43,$4.77,33,$4.73,37,$4.73,47,$4.63,227,$3.32,113,$4.25,64,$4.48,66,$4.58,97,$3.50,102,$3.44,113,$3.45,91,$4.36,64,$4.66,98,$4.67,264,$3.58,206,$3.49,149,$3.98,86,$4.00,136,$4.00,140,$3.97,116,$4.00,74,$4.00,106,$4.00,110,$4.00,177,$3.35,208,$2.97,166,$3.30,103,$3.71,103,$3.95,161,$3.76,136,$4.00,85,$4.00,122,$3.99,116,$4.00,"5,898",$3.94
,,"(003) JAMS, SPREADS & HONEY",(0341) PEANUT BUTTER,BEGA P/BUTTER NAS SMOOTH 325G,9352042000243,105,$4.00,115,$3.85,86,$4.00,87,$3.93,91,$4.22,95,$3.85,107,$4.16,81,$4.14,50,$4.71,59,$4.68,79,$4.69,68,$4.74,86,$4.29,66,$4.74,54,$4.75,58,$4.76,54,$4.76,197,$3.50,101,$4.35,68,$4.73,46,$4.72,114,$3.50,87,$4.34,58,$4.74,59,$4.71,28,$4.74,67,$4.69,233,$3.47,131,$4.25,76,$4.64,69,$4.64,58,$4.53,52,$4.58,128,$3.47,104,$4.35,81,$4.59,115,$4.61,256,$3.62,178,$3.48,124,$3.98,75,$3.99,65,$4.00,93,$4.00,119,$4.00,79,$4.00,108,$4.00,113,$4.00,138,$4.00,137,$4.00,117,$3.85,104,$4.00,125,$4.00,154,$4.00,139,$4.00,117,$4.00,151,$3.99,114,$3.99,"5,719",$4.08
,,"(003) JAMS, SPREADS & HONEY",(0341) PEANUT BUTTER,BEGA P/BUTTER SMOOTH 200G,0000093552516,44,$3.07,79,$3.05,49,$3.04,53,$3.01,51,$3.06,70,$3.09,41,$3.04,70,$3.06,56,$3.06,79,$3.08,64,$3.07,92,$3.06,81,$3.04,99,$3.04,107,$3.07,61,$3.08,73,$3.05,78,$3.08,76,$3.06,94,$3.03,87,$3.03,70,$3.02,69,$3.07,108,$3.03,128,$3.03,108,$3.08,85,$3.07,80,$2.93,109,$2.92,70,$3.08,71,$3.10,111,$2.65,115,$2.75,65,$2.98,85,$3.07,112,$3.07,132,$3.04,111,$3.08,90,$3.08,106,$3.05,65,$3.09,99,$3.06,98,$3.03,103,$3.07,108,$3.07,125,$3.02,124,$3.05,133,$3.05,139,$3.07,127,$3.01,86,$3.06,110,$3.07,142,$3.07,138,$3.05,111,$3.07,108,$3.07,93,$3.09,"5,238",$3.04
,,"(003) JAMS, SPREADS & HONEY",(0341) PEANUT BUTTER,BEGA P/BUTTER SMOOTH 375G,9352042000120,132,$4.56,986,$2.65,"1,104",$2.62,386,$3.61,294,$3.68,295,$3.71,202,$3.99,433,$3.92,601,$3.71,152,$4.41,165,$4.49,195,$4.50,356,$4.20,201,$4.62,220,$4.45,"2,444",$2.25,712,$3.21,190,$4.32,176,$4.48,208,$4.44,137,$4.60,508,$3.50,372,$4.05,191,$4.63,192,$4.63,129,$4.66,217,$4.46,"1,032",$3.50,639,$4.07,226,$4.43,216,$4.38,210,$4.45,205,$4.29,474,$3.50,377,$4.00,192,$4.45,375,$4.51,"1,345",$3.50,"1,004",$3.19,245,$4.63,161,$4.64,186,$4.64,188,$4.64,206,$4.65,201,$4.66,205,$4.50,230,$4.64,256,$4.64,265,$4.48,326,$4.65,984,$3.50,620,$4.10,354,$4.61,331,$4.62,187,$4.67,255,$4.64,835,$3.50,"23,528",$3.69
,,"(003) JAMS, SPREADS & HONEY",(0341) PEANUT BUTTER,BEGA P/BUTTER SMOOTH 470G,9352042002810,,,,,,,,,,,,,,,,,,,,,,,,,,,,,,,,,,,,,,,,,,,,,,,,,,,,,,,,,,,,,,,,,,,,,,,,,,,,,,,,,,,,,,,,,,,,,,,,,32,$5.00,101,$5.00,217,$5.00,290,$5.00,421,$5.00,536,$4.97,"2,314",$2.85,576,$4.89,443,$4.95,"4,930",$3.97
,,"(003) JAMS, SPREADS & HONEY",(0341) PEANUT BUTTER,BEGA P/BUTTER SMOOTH 500G,9352042000144,560,$5.00,634,$4.83,374,$5.00,390,$5.00,294,$5.21,395,$5.16,277,$5.15,386,$5.15,169,$5.82,488,$5.14,314,$5.20,197,$5.73,148,$5.83,153,$5.83,111,$5.83,133,$5.83,108,$5.84,163,$5.81,143,$5.84,179,$5.83,553,$5.00,274,$5.34,120,$5.84,123,$5.85,126,$5.83,361,$5.00,446,$4.99,397,$4.97,588,$4.99,"2,566",$2.89,778,$3.76,319,$5.09,377,$5.12,359,$4.99,483,$5.00,428,$5.00,896,$5.00,818,$5.10,712,$5.10,858,$5.00,582,$5.00,619,$5.00,537,$4.99,567,$5.00,671,$5.00,762,$5.00,829,$4.99,676,$5.00,419,$4.98,203,$4.97,75,$4.77,21,$5.00,22,$4.72,4,$5.00,,,,,1,$2.50,"23,186",$4.81
,,"(003) JAMS, SPREADS & HONEY",(0341) PEANUT BUTTER,BEGA P/BUTTER SMOOTH 780G,9352042000168,80,$8.07,103,$8.05,74,$8.10,95,$8.02,337,$6.45,122,$8.05,109,$8.08,126,$8.08,123,$8.11,116,$8.09,114,$8.05,131,$8.11,271,$6.10,880,$5.00,512,$5.98,130,$7.77,129,$7.55,137,$7.89,120,$8.02,119,$8.00,101,$7.99,79,$8.04,95,$8.06,492,$6.01,355,$6.71,76,$8.13,79,$8.14,81,$8.12,115,$8.06,83,$8.21,68,$8.11,87,$7.99,81,$7.90,72,$8.10,113,$8.05,483,$6.00,707,$6.71,446,$8.08,355,$8.07,229,$8.07,190,$8.09,170,$8.09,649,$5.93,700,$5.95,221,$8.08,219,$8.12,212,$8.10,231,$8.10,700,$6.01,543,$6.70,224,$8.09,273,$8.10,258,$8.10,271,$8.10,184,$8.09,248,$8.12,233,$8.12,"13,551",$7.08
,,"(003) JAMS, SPREADS & HONEY",(0341) PEANUT BUTTER,BEGA SIMPLY NUTS CRUNCHY 325G,9352042002100,139,$4.36,99,$5.07,89,$5.05,85,$5.04,84,$5.04,147,$4.68,102,$5.04,111,$5.04,158,$4.74,121,$4.85,114,$4.98,114,$5.06,243,$4.15,117,$5.07,133,$4.97,194,$4.00,169,$4.59,131,$5.07,128,$5.05,113,$5.07,113,$5.07,102,$5.06,110,$5.06,103,$5.08,227,$4.00,94,$4.59,102,$5.05,111,$5.05,136,$5.07,152,$4.60,103,$5.05,118,$4.96,786,$2.50,272,$3.51,120,$5.01,131,$5.02,209,$5.07,193,$5.07,146,$5.07,271,$4.57,169,$4.61,149,$5.07,150,$5.07,137,$5.06,139,$5.05,168,$5.07,326,$4.00,221,$4.60,148,$5.05,170,$5.05,128,$5.06,158,$5.05,153,$5.06,335,$4.00,199,$4.60,139,$5.05,153,$5.08,"9,232",$4.55
,,"(003) JAMS, SPREADS & HONEY",(0341) PEANUT BUTTER,BEGA SIMPLY NUTS RUSTIC 325G,9352042002124,80,$4.39,44,$5.05,50,$5.03,42,$5.05,49,$5.02,86,$4.65,52,$5.02,49,$5.03,69,$4.75,120,$3.85,103,$4.50,75,$4.91,136,$4.13,68,$5.08,67,$5.07,126,$4.00,94,$4.60,85,$5.07,65,$5.05,48,$5.05,46,$5.00,44,$5.07,45,$4.85,52,$5.07,120,$4.00,53,$4.58,57,$5.05,62,$5.08,76,$5.07,92,$4.56,52,$5.04,51,$4.95,482,$2.50,156,$3.48,61,$4.81,69,$5.04,119,$5.06,104,$5.07,87,$5.06,125,$4.56,94,$4.60,77,$5.08,73,$5.07,68,$5.05,86,$5.08,52,$5.06,142,$4.00,93,$4.60,61,$5.00,63,$5.06,75,$5.05,64,$4.63,47,$5.07,145,$3.91,98,$4.58,60,$5.03,66,$5.06,"4,825",$4.46
,,"(003) JAMS, SPREADS & HONEY",(0341) PEANUT BUTTER,BEGA SIMPLY NUTS SMOOTH 325G,9352042002117,123,$4.42,55,$5.07,66,$5.05,57,$5.03,69,$5.03,97,$4.64,47,$5.04,81,$5.08,127,$4.66,86,$4.62,75,$4.96,75,$4.95,177,$4.22,82,$5.08,79,$5.04,142,$4.01,147,$4.55,82,$5.07,89,$5.06,90,$5.06,71,$5.04,88,$4.79,76,$5.03,68,$5.04,188,$4.00,80,$4.61,75,$5.07,80,$5.07,75,$5.10,90,$4.61,64,$5.08,85,$4.97,580,$2.50,279,$3.17,92,$4.99,87,$5.04,174,$5.07,136,$5.07,134,$5.06,176,$4.59,147,$4.60,124,$5.06,108,$5.05,125,$5.10,105,$5.08,120,$5.07,275,$4.00,182,$4.61,123,$5.02,123,$5.09,123,$5.05,120,$4.89,135,$5.04,321,$4.00,164,$4.60,119,$5.07,122,$5.06,"7,080",$4.51
,,"(003) JAMS, SPREADS & HONEY",(0341) PEANUT BUTTER,DARRYLS FRESH ROASTED P/BUTTER 380G,0799439110311,7,$6.70,17,$7.68,15,$7.77,27,$7.75,21,$7.09,19,$7.76,20,$7.79,27,$7.80,22,$7.70,26,$7.79,21,$7.80,28,$7.87,19,$7.73,16,$7.92,24,$7.82,33,$7.85,24,$3.07,23,$7.85,26,$7.86,12,$7.95,16,$7.84,33,$7.42,22,$7.42,27,$7.43,31,$7.42,11,$7.78,29,$7.82,25,$7.88,24,$7.80,24,$7.84,20,$7.90,24,$7.80,13,$7.84,21,$7.82,24,$7.85,32,$7.91,43,$7.95,54,$7.76,34,$7.74,25,$7.73,24,$7.75,30,$7.95,36,$7.95,41,$7.14,35,$7.38,30,$7.95,25,$7.95,32,$7.95,42,$7.95,40,$7.95,26,$7.95,25,$7.95,23,$7.95,25,$7.95,29,$7.95,37,$7.95,36,$7.95,"1,495",$7.70
,,"(003) JAMS, SPREADS & HONEY",(0341) PEANUT BUTTER,DICK SMITH OZENUTS CRUNCHY 375G,9300652011609,12,$3.97,10,$5.02,7,$4.44,9,$4.35,4,$3.52,6,$4.01,1,$4.02,2,$4.02,1,$4.00,1,$4.00,1,$2.50,,,,,,,,,,,,,,,,,,,,,,,,,,,,,,,,,,,,,,,,,,,,,,,,,,,,,,,,,,,,,,,,,,,,,,,,,,,,,,,,,,,,,,,,,,,,,54,$4.24
,,"(003) JAMS, SPREADS & HONEY",(0341) PEANUT BUTTER,DICK SMITH OZENUTS SMOOTH 375G,9300652011593,19,$5.05,16,$4.80,12,$4.27,11,$4.23,9,$3.84,6,$4.08,4,$4.11,7,$4.37,3,$4.00,5,$2.66,1,$2.77,3,$2.31,,,1,$2.50,,,,,,,,,,,,,,,,,,,,,,,,,,,,,,,,,,,,,,,,,,,,,,,,,,,,,,,,,,,,,,,,,,,,,,,,,,,,,,,,,,,,,,,97,$4.27
,,"(003) JAMS, SPREADS & HONEY",(0341) PEANUT BUTTER,G/GRAINS P/BTR HIMALAYAN SALT 290G,9337825002638,5,$8.00,14,$8.00,14,$8.00,9,$8.00,14,$7.11,17,$7.60,20,$7.60,26,$7.35,12,$8.00,6,$8.12,7,$8.00,8,$8.00,9,$7.80,10,$7.50,8,$7.50,11,$7.56,8,$7.50,8,$8.00,10,$8.00,10,$8.00,7,$8.00,10,$7.40,12,$7.40,7,$7.40,13,$7.40,3,$8.00,3,$8.00,13,$6.38,6,$8.00,10,$7.55,6,$7.55,13,$7.55,12,$7.11,9,$8.00,5,$8.00,8,$8.00,17,$8.00,14,$7.50,6,$7.50,16,$7.50,10,$7.50,5,$8.00,10,$6.32,8,$8.00,11,$8.00,6,$8.00,8,$8.00,12,$8.00,7,$8.00,7,$8.00,15,$8.00,6,$8.00,12,$8.00,11,$8.00,8,$8.00,14,$8.00,7,$8.00,573,$7.70
,,"(003) JAMS, SPREADS & HONEY",(0341) PEANUT BUTTER,GOODIES & GRAINS PEANUT BUTTER 290G,9337825002027,15,$8.17,15,$8.05,14,$8.00,20,$8.04,19,$7.66,40,$7.60,36,$7.63,23,$7.20,31,$5.47,21,$7.79,25,$8.08,17,$8.00,16,$7.86,28,$7.27,41,$6.79,29,$7.57,22,$7.68,21,$8.00,28,$8.03,26,$8.10,26,$8.08,22,$7.40,21,$7.40,21,$7.40,35,$7.40,8,$8.00,25,$8.06,16,$8.03,30,$8.12,25,$7.55,27,$7.55,33,$6.29,21,$7.55,17,$8.04,15,$7.77,19,$8.15,42,$8.06,35,$7.50,28,$7.50,21,$7.50,31,$7.50,26,$7.81,24,$8.06,23,$8.11,21,$8.00,22,$8.07,27,$8.09,20,$8.02,21,$8.10,17,$8.04,25,$8.03,23,$8.05,28,$8.00,19,$8.07,26,$8.05,24,$8.03,24,$8.09,"1,375",$7.71
,,"(003) JAMS, SPREADS & HONEY",(0341) PEANUT BUTTER,GOODIES & GRAINS PEANUT BUTTER 700G,9337825002447,66,$11.80,66,$11.80,73,$11.80,80,$11.82,72,$12.36,53,$12.35,66,$12.36,76,$12.37,91,$11.70,71,$11.70,101,$11.72,90,$11.70,60,$11.70,44,$12.38,60,$12.37,67,$12.36,58,$12.36,70,$12.35,60,$12.36,49,$12.36,67,$12.35,49,$12.39,47,$12.35,44,$12.35,42,$12.36,41,$11.40,65,$11.40,66,$11.40,51,$11.40,57,$12.36,71,$12.36,62,$12.37,56,$12.35,75,$11.50,88,$11.50,88,$11.50,174,$11.50,105,$12.34,112,$12.37,84,$12.39,76,$12.38,102,$12.38,81,$12.38,82,$12.37,78,$12.39,49,$12.36,55,$12.38,70,$12.36,77,$12.39,80,$12.39,98,$12.37,84,$12.36,82,$12.36,83,$12.36,77,$12.38,75,$12.40,88,$12.37,"4,154",$12.12
,,"(003) JAMS, SPREADS & HONEY",(0341) PEANUT BUTTER,KFT PEANUT BTR CRUNCH    200GM,9300657660659,217,$2.30,86,$2.98,41,$3.00,62,$3.06,75,$3.05,75,$3.04,56,$3.03,73,$3.04,53,$3.06,79,$3.04,62,$3.06,75,$3.05,67,$3.01,97,$2.96,55,$3.03,47,$3.05,44,$3.06,77,$3.05,44,$2.99,62,$3.05,56,$3.05,46,$2.82,35,$3.06,67,$3.02,53,$3.06,70,$3.04,54,$3.04,62,$3.02,44,$3.06,46,$3.04,48,$3.00,57,$2.98,68,$2.78,43,$2.20,50,$3.00,52,$2.95,78,$3.06,71,$3.06,49,$3.06,54,$3.07,39,$3.06,54,$3.01,63,$2.88,86,$2.83,141,$1.91,94,$2.13,103,$1.95,88,$1.54,22,$2.80,18,$3.01,17,$2.58,14,$2.76,17,$2.66,12,$2.31,5,$2.27,9,$2.52,3,$2.48,"3,335",$2.80
,,"(003) JAMS, SPREADS & HONEY",(0341) PEANUT BUTTER,KFT PEANUT BTR CRUNCH    375GM,9300657660666,108,$4.65,78,$4.65,197,$3.24,194,$4.12,90,$4.67,84,$4.67,63,$4.68,76,$4.65,81,$4.69,220,$3.78,179,$4.06,107,$4.65,74,$4.65,90,$4.64,96,$4.63,66,$4.66,66,$4.65,62,$4.67,80,$4.42,76,$4.65,55,$4.62,72,$4.42,386,$3.50,174,$4.24,83,$4.66,60,$4.69,59,$4.64,50,$4.67,272,$3.50,92,$4.23,42,$4.66,44,$4.66,61,$4.42,199,$3.46,82,$4.25,63,$4.66,140,$4.67,479,$3.80,195,$4.25,88,$4.66,393,$3.01,287,$3.30,53,$4.67,71,$4.61,56,$4.32,45,$4.26,40,$3.68,37,$3.63,36,$4.29,27,$4.33,12,$3.67,37,$3.76,30,$3.70,15,$3.78,3,$3.16,6,$3.42,2,$3.83,"5,933",$4.04
,,"(003) JAMS, SPREADS & HONEY",(0341) PEANUT BUTTER,KFT PEANUT BTR CRUNCH    500GM,9300657660673,114,$5.75,91,$5.75,122,$5.66,98,$5.78,100,$5.78,133,$5.36,"1,737",$2.86,117,$5.57,109,$5.54,108,$5.74,316,$5.09,262,$4.91,95,$5.77,97,$5.79,98,$5.77,74,$5.77,79,$5.78,92,$5.73,68,$5.79,82,$5.78,57,$5.77,48,$5.75,61,$5.78,45,$5.76,63,$5.79,41,$5.76,54,$5.79,46,$5.80,49,$5.77,37,$5.80,48,$5.49,63,$5.44,54,$5.17,161,$4.56,137,$5.15,52,$5.77,192,$5.74,301,$5.75,475,$5.03,308,$5.00,136,$5.00,166,$5.00,155,$5.15,91,$5.71,67,$5.66,36,$5.62,40,$5.26,32,$5.67,24,$5.52,17,$4.68,8,$5.08,36,$4.49,13,$4.28,11,$4.67,7,$4.82,4,$2.19,4,$4.65,"7,131",$4.78
,,"(003) JAMS, SPREADS & HONEY",(0341) PEANUT BUTTER,KFT PEANUT BTR CRUNCH    780GM,9300657660680,201,$7.80,177,$7.69,158,$7.72,154,$7.70,136,$7.71,166,$7.78,120,$7.65,138,$7.70,205,$7.72,150,$7.65,171,$7.74,237,$7.79,225,$7.50,249,$6.58,242,$6.63,239,$6.65,228,$6.62,216,$6.43,387,$5.98,264,$6.43,238,$6.44,306,$6.43,307,$6.44,202,$6.45,227,$6.43,159,$6.42,235,$6.45,230,$6.43,270,$6.44,184,$6.56,188,$6.53,224,$6.57,235,$6.61,247,$6.59,283,$6.62,233,$6.60,498,$6.62,240,$6.63,53,$6.35,156,$6.39,276,$6.47,350,$6.48,207,$7.45,200,$7.81,129,$7.97,165,$7.67,95,$7.38,67,$7.69,52,$6.94,41,$7.34,19,$8.06,36,$7.24,22,$6.46,18,$5.24,6,$6.32,13,$6.67,25,$5.69,"10,499",$6.85
,,"(003) JAMS, SPREADS & HONEY",(0341) PEANUT BUTTER,KFT PEANUT BTR SMTH      200GM,9300657660611,215,$2.34,107,$2.99,81,$3.03,95,$3.07,70,$3.07,111,$3.05,99,$3.06,105,$3.00,110,$3.04,92,$3.03,118,$3.07,114,$3.04,98,$3.04,103,$3.04,93,$3.06,58,$3.04,58,$3.05,85,$3.07,82,$3.05,92,$3.05,70,$3.05,60,$2.92,46,$3.04,60,$3.06,85,$3.06,74,$3.06,79,$3.06,77,$3.06,86,$3.04,85,$2.88,83,$3.06,97,$3.05,59,$3.02,66,$3.06,71,$3.06,88,$3.06,155,$3.06,97,$3.03,63,$3.04,84,$3.08,68,$3.08,74,$3.06,245,$1.97,124,$2.35,143,$2.10,91,$2.67,94,$2.37,51,$2.85,57,$2.54,26,$2.33,28,$2.01,34,$2.59,22,$2.67,8,$2.93,8,$2.33,5,$2.19,4,$1.90,"4,653",$2.86
,,"(003) JAMS, SPREADS & HONEY",(0341) PEANUT BUTTER,KFT PEANUT BTR SMTH      375GM,9300657660628,124,$4.67,114,$4.67,262,$3.21,243,$4.23,110,$4.58,127,$4.58,90,$4.68,101,$4.68,109,$4.68,296,$3.74,243,$4.11,164,$4.65,104,$4.65,108,$4.68,102,$4.69,71,$4.64,75,$4.68,95,$4.69,79,$4.67,84,$4.68,66,$4.68,72,$4.48,414,$3.50,215,$4.24,102,$4.67,61,$4.69,78,$4.67,62,$4.68,345,$3.50,120,$4.26,64,$4.68,68,$4.69,86,$4.68,260,$3.50,135,$4.25,92,$4.69,159,$4.67,488,$3.75,151,$4.28,67,$4.72,454,$3.01,367,$3.32,100,$4.68,89,$4.57,59,$4.46,69,$4.12,36,$4.19,23,$4.45,25,$4.13,10,$4.70,13,$4.03,23,$3.23,15,$3.80,16,$3.59,2,$2.90,1,$3.80,,,"7,108",$4.07
,,"(003) JAMS, SPREADS & HONEY",(0341) PEANUT BUTTER,KFT PEANUT BTR SMTH      500GM,9300657660635,101,$5.74,95,$5.78,123,$5.66,81,$5.77,92,$5.78,128,$5.30,"1,540",$2.86,74,$5.38,89,$5.60,111,$5.63,312,$5.12,299,$4.82,107,$5.74,80,$5.77,73,$5.77,68,$5.77,66,$5.78,67,$5.76,67,$5.79,74,$5.80,59,$5.79,46,$5.78,47,$5.78,52,$5.80,59,$5.76,28,$5.80,56,$5.75,40,$5.81,54,$5.65,49,$5.76,37,$5.76,55,$5.56,55,$5.59,122,$5.00,123,$5.14,47,$5.79,157,$5.74,290,$5.75,497,$5.03,360,$5.00,164,$5.00,119,$5.00,91,$5.16,47,$5.84,36,$5.65,34,$5.46,30,$5.01,25,$5.42,9,$5.41,16,$5.73,11,$5.27,12,$4.69,5,$4.70,6,$4.69,1,$2.50,1,$4.00,,,"6,487",$4.80
,,"(003) JAMS, SPREADS & HONEY",(0341) PEANUT BUTTER,KFT PEANUT BTR SMTH      780GM,9300657660642,134,$7.90,132,$7.95,95,$7.95,119,$7.98,121,$7.90,130,$7.97,106,$7.98,112,$7.96,139,$7.96,135,$7.89,124,$7.96,157,$7.94,133,$7.54,217,$6.66,214,$6.70,165,$6.78,172,$6.48,202,$6.50,392,$6.00,223,$6.50,183,$6.50,233,$6.50,224,$6.50,168,$6.52,175,$6.50,155,$6.54,210,$6.50,178,$6.50,192,$6.50,158,$6.66,174,$6.66,177,$6.69,169,$6.66,197,$6.65,240,$6.65,212,$6.66,368,$6.67,217,$6.72,54,$6.79,38,$6.49,188,$6.50,317,$6.53,167,$7.66,132,$7.87,82,$7.59,60,$7.09,59,$7.15,30,$7.37,18,$7.02,14,$7.87,13,$8.13,28,$6.52,19,$6.72,16,$6.65,7,$7.28,,,1,$3.30,"8,095",$6.90
,,"(003) JAMS, SPREADS & HONEY",(0341) PEANUT BUTTER,MAYVER'S P/BUTTER PROTEIN 375G,9310885115852,5,$6.07,11,$6.09,12,$4.04,4,$6.14,6,$6.11,10,$6.07,6,$6.07,6,$6.11,6,$6.10,11,$6.08,4,$6.10,8,$6.16,4,$6.11,9,$6.07,6,$6.12,6,$6.10,6,$6.08,9,$6.07,5,$6.15,11,$5.56,10,$6.06,2,$6.15,4,$6.10,6,$6.07,3,$6.10,3,$6.15,4,$6.10,16,$6.08,8,$6.08,5,$6.12,12,$6.09,5,$6.10,12,$6.09,8,$6.06,5,$6.07,4,$6.05,11,$6.09,21,$6.09,3,$6.13,13,$6.09,12,$6.08,9,$6.08,7,$6.13,8,$6.09,5,$6.12,10,$6.06,6,$6.10,8,$6.09,5,$6.07,6,$6.11,9,$6.08,7,$6.09,10,$6.10,7,$6.06,9,$6.07,12,$6.09,10,$6.14,440,$6.02
,,"(003) JAMS, SPREADS & HONEY",(0341) PEANUT BUTTER,MAYVER'S P/BUTTER PROTEIN HEMP 375G,9310885115968,2,$6.10,9,$6.14,15,$4.50,9,$6.08,10,$6.07,6,$6.19,4,$6.08,8,$6.16,3,$6.08,7,$6.36,12,$6.24,7,$5.46,2,$6.10,5,$6.07,4,$6.08,5,$6.08,6,$6.08,6,$6.21,6,$6.08,3,$6.52,4,$6.10,6,$6.10,4,$6.09,7,$6.11,7,$6.06,5,$6.07,5,$6.05,4,$6.14,12,$6.07,8,$6.08,6,$6.08,3,$6.08,9,$6.15,5,$6.11,5,$6.07,7,$6.18,11,$6.07,11,$6.09,9,$6.06,5,$6.23,6,$6.07,9,$6.05,9,$5.59,10,$6.08,8,$6.08,6,$6.12,8,$6.09,6,$6.07,8,$6.06,6,$6.07,7,$6.05,4,$6.05,6,$6.18,9,$5.72,19,$5.95,11,$6.09,4,$6.08,398,$6.01
,,"(003) JAMS, SPREADS & HONEY",(0341) PEANUT BUTTER,MAYVER'S P/BUTTER PRTN 5 SEEDS 375G,9310885115951,8,$6.18,10,$5.67,13,$4.25,12,$6.13,6,$6.18,7,$6.10,8,$6.07,8,$6.06,12,$6.15,4,$6.43,14,$6.13,3,$6.10,6,$6.07,8,$6.25,10,$5.81,6,$6.11,7,$6.11,11,$6.33,6,$6.10,9,$6.16,5,$6.21,5,$6.07,8,$6.26,5,$6.39,8,$6.18,7,$6.09,5,$6.21,3,$5.67,7,$6.11,6,$6.21,4,$6.25,11,$6.16,10,$5.06,8,$6.23,11,$5.64,9,$6.05,20,$5.84,16,$6.11,10,$6.13,5,$6.21,13,$6.12,10,$6.15,17,$6.19,9,$6.22,4,$6.08,9,$6.15,8,$6.06,11,$6.11,12,$6.08,7,$6.08,9,$6.17,9,$6.18,15,$6.23,6,$6.18,7,$6.14,11,$6.22,9,$6.16,497,$6.04
,,"(003) JAMS, SPREADS & HONEY",(0341) PEANUT BUTTER,NUTTY BRUCE ALMOND BTR CRUNCHY 250G,9340784003332,6,$8.40,17,$8.40,17,$8.41,12,$8.40,28,$8.42,28,$8.44,18,$8.42,17,$8.40,17,$8.40,18,$8.41,26,$8.42,13,$8.42,22,$8.41,22,$8.41,22,$8.40,26,$8.43,27,$8.41,28,$8.41,19,$8.40,19,$8.40,17,$8.42,15,$8.41,25,$8.40,16,$8.41,27,$7.00,10,$7.00,17,$8.40,30,$8.41,18,$8.41,25,$8.42,23,$8.42,21,$8.42,16,$8.40,27,$8.41,16,$8.41,17,$8.44,58,$7.00,70,$7.00,36,$7.44,30,$8.40,27,$8.41,32,$8.41,31,$8.42,22,$8.42,32,$8.41,33,$8.42,33,$8.44,28,$8.46,34,$8.42,26,$8.41,26,$8.43,22,$8.40,32,$8.40,37,$8.40,25,$8.43,35,$8.34,23,$8.41,"1,414",$8.22
,,"(003) JAMS, SPREADS & HONEY",(0341) PEANUT BUTTER,NUTTY BRUCE ALMOND BTR SMOOTH 250G,9340784003325,11,$8.40,16,$8.43,20,$8.41,27,$8.41,22,$8.41,17,$8.44,35,$8.40,23,$8.41,21,$8.40,32,$8.41,31,$8.43,25,$8.41,23,$8.40,26,$8.44,24,$8.40,30,$8.41,40,$8.40,25,$8.41,24,$8.40,23,$8.45,27,$8.41,31,$8.41,25,$8.43,26,$8.41,53,$7.00,20,$7.00,29,$8.40,29,$8.40,27,$8.42,23,$8.42,34,$8.41,29,$8.41,34,$8.43,35,$8.41,40,$8.42,28,$8.43,74,$7.00,64,$7.00,47,$7.44,44,$8.41,24,$8.40,30,$8.41,30,$8.41,47,$8.41,39,$8.41,42,$8.42,41,$8.41,31,$8.41,33,$8.41,54,$8.41,40,$8.21,40,$8.42,32,$8.41,39,$8.45,32,$8.43,40,$8.46,41,$8.44,"1,849",$8.22
,,"(003) JAMS, SPREADS & HONEY",(0341) PEANUT BUTTER,P/NUTZ PEANUT BUTTER CRNCHY 375G,9311964001356,37,$6.53,50,$6.29,47,$6.56,52,$6.53,44,$6.59,45,$6.54,48,$6.52,48,$6.54,43,$6.52,36,$6.50,50,$6.51,44,$6.49,45,$6.50,51,$6.52,54,$6.52,47,$6.46,35,$6.49,48,$6.53,50,$6.54,47,$6.53,55,$6.59,49,$6.60,38,$6.55,58,$6.53,24,$6.54,37,$6.03,55,$6.06,51,$6.00,71,$6.03,41,$6.50,45,$6.55,51,$6.52,50,$6.59,16,$6.60,23,$6.62,26,$6.62,26,$6.75,53,$6.63,60,$6.56,53,$6.58,38,$6.60,50,$6.57,60,$6.52,50,$6.53,45,$6.51,73,$6.52,53,$6.56,37,$6.60,48,$6.51,45,$6.58,49,$6.60,54,$6.62,59,$6.65,47,$6.59,47,$6.57,45,$6.55,42,$6.68,"2,645",$6.51
,,"(003) JAMS, SPREADS & HONEY",(0341) PEANUT BUTTER,P/NUTZ PEANUT BUTTER SMOOTH 375G,9311964001349,32,$6.57,30,$6.54,39,$6.55,25,$6.55,26,$6.50,18,$6.53,33,$6.52,32,$6.53,35,$6.62,28,$6.54,26,$6.52,43,$6.52,31,$6.59,26,$6.52,30,$6.50,35,$6.51,27,$6.50,31,$6.51,36,$6.57,27,$6.61,29,$6.58,30,$6.65,32,$6.54,36,$6.61,25,$6.57,33,$6.04,40,$6.16,54,$6.09,40,$6.03,30,$6.64,34,$6.56,33,$6.54,31,$6.47,39,$6.57,41,$6.55,41,$6.56,29,$6.70,47,$6.68,42,$6.57,33,$6.56,32,$6.59,50,$6.63,58,$6.55,37,$6.57,50,$6.63,50,$6.64,27,$6.67,47,$6.55,43,$6.58,34,$6.60,41,$6.59,42,$6.62,38,$6.64,20,$6.51,41,$6.56,33,$6.64,43,$6.69,"2,015",$6.54
,,"(003) JAMS, SPREADS & HONEY",(0341) PEANUT BUTTER,SANITARIUM P/BUTTER CRUNCHY 375G,9300652124378,71,$3.74,52,$3.75,42,$3.67,52,$3.87,156,$2.96,61,$3.88,42,$3.84,58,$3.82,57,$3.86,116,$3.59,67,$3.77,87,$3.75,60,$3.78,56,$3.60,74,$3.78,41,$3.77,42,$3.80,52,$3.83,288,$2.40,217,$2.98,52,$3.67,32,$3.76,33,$3.83,40,$3.81,30,$3.85,24,$3.78,37,$3.80,31,$3.82,24,$4.05,59,$3.61,85,$3.60,126,$3.60,84,$3.60,26,$4.12,38,$4.07,37,$4.10,109,$4.05,125,$4.04,55,$4.05,66,$4.06,42,$4.08,55,$4.07,56,$4.05,58,$4.06,44,$4.06,50,$4.06,44,$4.08,66,$4.05,54,$4.00,240,$2.94,160,$3.41,60,$4.05,65,$4.07,44,$3.99,32,$3.86,274,$3.00,147,$3.50,"4,295",$3.55
,,"(003) JAMS, SPREADS & HONEY",(0341) PEANUT BUTTER,SANITARIUM P/BUTTER CRUNCHY 500G,9300652012224,90,$5.03,84,$5.03,71,$5.07,179,$4.15,157,$4.15,200,$4.19,154,$4.09,176,$4.14,104,$4.93,98,$5.02,83,$5.07,135,$4.78,125,$4.65,260,$3.87,248,$4.00,166,$4.00,203,$4.00,246,$4.00,183,$4.00,224,$4.00,213,$4.00,172,$4.00,222,$4.00,203,$4.00,232,$4.00,174,$4.00,195,$4.00,172,$4.00,195,$4.00,107,$4.00,119,$4.00,192,$4.00,182,$4.00,174,$4.00,307,$4.00,259,$4.00,448,$4.00,427,$4.00,339,$4.00,137,$5.06,65,$5.06,110,$5.13,95,$5.02,100,$5.03,98,$5.04,85,$5.04,85,$5.00,89,$5.03,73,$5.03,68,$5.02,55,$5.06,91,$5.05,107,$5.04,85,$5.04,64,$5.04,55,$5.05,72,$5.06,"9,052",$4.27
,,"(003) JAMS, SPREADS & HONEY",(0341) PEANUT BUTTER,SANITARIUM P/BUTTER NAT CRNCHY 375G,9300652122671,89,$3.73,82,$3.72,78,$3.71,70,$3.74,188,$2.86,84,$3.71,65,$3.71,66,$3.69,96,$3.56,85,$3.62,72,$3.77,89,$3.66,65,$3.73,76,$3.72,93,$3.74,63,$3.70,81,$3.65,82,$3.71,184,$2.40,211,$2.88,66,$3.66,60,$3.68,73,$3.69,85,$3.68,64,$3.69,33,$3.68,61,$3.70,53,$3.71,58,$3.98,82,$3.60,98,$3.60,115,$3.60,74,$3.60,44,$4.01,82,$4.00,90,$4.01,153,$4.01,131,$4.00,109,$4.01,89,$4.01,56,$4.01,88,$4.02,89,$4.01,83,$4.01,91,$4.01,70,$4.01,59,$4.01,74,$4.00,68,$4.01,165,$3.00,137,$3.49,64,$4.00,69,$4.01,59,$4.01,61,$4.00,163,$3.00,117,$3.50,"5,052",$3.62
,,"(003) JAMS, SPREADS & HONEY",(0341) PEANUT BUTTER,SANITARIUM P/BUTTER NAT SMTH #375G,9300652125726,57,$3.72,62,$3.70,60,$3.71,51,$3.79,118,$2.93,54,$3.75,45,$3.76,56,$3.70,69,$3.73,85,$3.61,55,$3.70,57,$3.71,66,$3.71,51,$3.80,64,$3.69,56,$3.69,60,$3.74,52,$3.72,132,$2.40,141,$2.89,57,$3.75,48,$3.72,42,$3.69,45,$3.73,49,$3.71,29,$3.71,35,$3.72,42,$3.76,50,$4.02,70,$3.60,72,$3.60,81,$3.60,66,$3.60,42,$4.00,62,$4.02,55,$4.03,101,$4.02,97,$4.01,77,$4.02,69,$4.01,46,$4.01,44,$4.04,38,$4.01,29,$4.01,64,$4.03,57,$4.02,40,$4.05,59,$4.04,58,$4.04,115,$3.00,83,$3.49,44,$3.99,44,$4.04,35,$4.02,34,$3.56,120,$3.00,96,$3.49,"3,586",$3.64
,,"(003) JAMS, SPREADS & HONEY",(0341) PEANUT BUTTER,SANITARIUM P/BUTTER SMOOTH 375G,9300652123371,75,$3.80,66,$3.77,46,$3.79,51,$3.87,142,$3.02,77,$3.84,41,$3.83,48,$3.78,48,$3.85,110,$3.57,71,$3.81,75,$3.74,66,$3.75,40,$3.73,35,$3.78,37,$3.78,29,$3.60,28,$3.81,308,$2.40,224,$2.98,47,$3.80,31,$3.72,25,$3.79,44,$3.78,35,$3.81,28,$3.87,41,$3.76,36,$3.89,40,$4.06,54,$3.60,72,$3.60,109,$3.60,96,$3.60,20,$4.09,48,$4.05,49,$4.04,73,$4.03,120,$4.04,69,$4.06,77,$4.04,47,$4.06,59,$4.04,73,$4.05,59,$4.06,69,$4.05,58,$4.07,55,$4.04,66,$4.02,47,$4.06,243,$3.00,140,$3.50,63,$4.03,84,$4.06,72,$4.07,24,$4.08,265,$3.00,123,$3.50,"4,278",$3.57
,,"(003) JAMS, SPREADS & HONEY",(0341) PEANUT BUTTER,SANITARIUM P/BUTTER SMOOTH 500G,9300652012217,60,$5.09,65,$5.11,51,$5.16,135,$4.25,116,$4.29,126,$4.20,98,$4.29,134,$4.19,64,$5.14,70,$5.04,59,$5.09,117,$4.71,108,$4.52,235,$4.00,218,$4.00,145,$4.00,180,$4.00,170,$4.00,141,$4.00,206,$4.00,199,$4.00,163,$4.00,166,$4.00,185,$4.00,188,$4.00,133,$4.00,177,$4.00,125,$4.00,112,$4.00,80,$4.00,94,$4.00,170,$4.00,141,$4.00,110,$4.00,260,$4.00,223,$4.00,429,$4.00,430,$4.00,316,$4.00,124,$5.07,74,$5.14,65,$5.03,90,$5.03,106,$5.05,100,$5.06,85,$5.04,84,$5.02,78,$5.02,89,$5.03,72,$5.07,69,$5.09,86,$5.03,116,$5.00,94,$5.04,69,$5.02,62,$5.04,73,$5.02,"7,735",$4.30
Grand Total,,,,,,"4,540",$5.00,"5,910",$4.40,"5,710",$4.17,"4,458",$4.96,"4,589",$4.99,"4,452",$5.06,"6,511",$4.05,"4,340",$5.11,"4,171",$5.15,"4,515",$5.12,"4,312",$5.34,"4,159",$5.45,"4,270",$5.15,"5,237",$5.03,"4,437",$5.30,"7,845",$3.45,"4,356",$4.71,"3,801",$5.21,"4,418",$4.85,"6,351",$4.52,"4,096",$5.22,"4,154",$4.90,"4,140",$4.90,"4,051",$5.23,"4,064",$5.21,"2,992",$5.06,"3,943",$5.15,"5,484",$4.52,"5,845",$4.79,"9,143",$3.55,"4,703",$4.59,"4,523",$4.55,"5,870",$3.94,"5,128",$4.52,"5,019",$5.04,"5,068",$5.21,"9,318",$5.32,"11,088",$4.81,"8,531",$4.80,"6,414",$5.21,"5,391",$5.02,"5,640",$5.20,"5,804",$5.23,"5,859",$5.34,"4,941",$5.25,"4,967",$5.26,"5,475",$5.01,"5,143",$5.17,"5,328",$5.21,"5,225",$5.09,"5,255",$4.74,"4,607",$5.21,"4,630",$5.37,"5,217",$5.13,"9,163",$3.54,"4,740",$5.04,"5,289",$4.83,"304,630",$4.83
